insert into person (id, username, passwd, display_name, money)
    values (1, 'sierra', 'pass', 'Sierra', 0);

insert into pokedex (id, name)
    values (1, 'Bulbasaur');
insert into pokedex (id, name)
    values (2, 'Ivysaur');
insert into pokedex (id, name)
    values (3, 'Venusaur');
insert into pokedex (id, name)
    values (4, 'Charmander');
insert into pokedex (id, name)
    values (5, 'Charmeleon');
insert into pokedex (id, name)
    values (6, 'Charizard');
insert into pokedex (id, name)
    values (7, 'Squirtle');
insert into pokedex (id, name)
    values (8, 'Wartortle');
insert into pokedex (id, name)
    values (9, 'Blastoise');
insert into pokedex (id, name)
    values (10, 'Caterpie');
insert into pokedex (id, name)
    values (11, 'Metapod');
insert into pokedex (id, name)
    values (12, 'Butterfree');
insert into pokedex (id, name)
    values (13, 'Weedle');
insert into pokedex (id, name)
    values (14, 'Kakuna');
insert into pokedex (id, name)
    values (15, 'Beedrill');
insert into pokedex (id, name)
    values (16, 'Pidgey');
insert into pokedex (id, name)
    values (17, 'Pidgeotto');
insert into pokedex (id, name)
    values (18, 'Pidgeot');
insert into pokedex (id, name)
    values (19, 'Rattata');
insert into pokedex (id, name)
    values (20, 'Raticate');
insert into pokedex (id, name)
    values (21, 'Spearow');
insert into pokedex (id, name)
    values (22, 'Fearow');
insert into pokedex (id, name)
    values (23, 'Ekans');
insert into pokedex (id, name)
    values (24, 'Arbok');
insert into pokedex (id, name)
    values (25, 'Pikachu');
insert into pokedex (id, name)
    values (26, 'Raichu');
insert into pokedex (id, name)
    values (27, 'Sandshrew');
insert into pokedex (id, name)
    values (28, 'Sandslash');
insert into pokedex (id, name)
    values (29, 'NidoranF');
insert into pokedex (id, name)
    values (30, 'Nidorina');
insert into pokedex (id, name)
    values (31, 'Nidoqueen');
insert into pokedex (id, name)
    values (32, 'NidoranM');
insert into pokedex (id, name)
    values (33, 'Nidorino');
insert into pokedex (id, name)
    values (34, 'Nidoking');
insert into pokedex (id, name)
    values (35, 'Clefairy');
insert into pokedex (id, name)
    values (36, 'Clefable');
insert into pokedex (id, name)
    values (37, 'Vulpix');
insert into pokedex (id, name)
    values (38, 'Ninetales');
insert into pokedex (id, name)
    values (39, 'Jigglypuff');
insert into pokedex (id, name)
    values (40, 'Wigglytuff');
insert into pokedex (id, name)
    values (41, 'Zubat');
insert into pokedex (id, name)
    values (42, 'Golbat');
insert into pokedex (id, name)
    values (43, 'Oddish');
insert into pokedex (id, name)
    values (44, 'Gloom');
insert into pokedex (id, name)
    values (45, 'Vileplume');
insert into pokedex (id, name)
    values (46, 'Paras');
insert into pokedex (id, name)
    values (47, 'Parasect');
insert into pokedex (id, name)
    values (48, 'Venonat');
insert into pokedex (id, name)
    values (49, 'Venomoth');
insert into pokedex (id, name)
    values (50, 'Diglett');
insert into pokedex (id, name)
    values (51, 'Dugtrio');
insert into pokedex (id, name)
    values (52, 'Meowth');
insert into pokedex (id, name)
    values (53, 'Persian');
insert into pokedex (id, name)
    values (54, 'Psyduck');
insert into pokedex (id, name)
    values (55, 'Golduck');
insert into pokedex (id, name)
    values (56, 'Mankey');
insert into pokedex (id, name)
    values (57, 'Primeape');
insert into pokedex (id, name)
    values (58, 'Growlithe');
insert into pokedex (id, name)
    values (59, 'Arcanine');
insert into pokedex (id, name)
    values (60, 'Poliwag');
insert into pokedex (id, name)
    values (61, 'Poliwhirl');
insert into pokedex (id, name)
    values (62, 'Poliwrath');
insert into pokedex (id, name)
    values (63, 'Abra');
insert into pokedex (id, name)
    values (64, 'Kadabra');
insert into pokedex (id, name)
    values (65, 'Alakazam');
insert into pokedex (id, name)
    values (66, 'Machop');
insert into pokedex (id, name)
    values (67, 'Machoke');
insert into pokedex (id, name)
    values (68, 'Machamp');
insert into pokedex (id, name)
    values (69, 'Bellsprout');
insert into pokedex (id, name)
    values (70, 'Weepinbell');
insert into pokedex (id, name)
    values (71, 'Victreebel');
insert into pokedex (id, name)
    values (72, 'Tentacool');
insert into pokedex (id, name)
    values (73, 'Tentacruel');
insert into pokedex (id, name)
    values (74, 'Geodude');
insert into pokedex (id, name)
    values (75, 'Graveler');
insert into pokedex (id, name)
    values (76, 'Golem');
insert into pokedex (id, name)
    values (77, 'Ponyta');
insert into pokedex (id, name)
    values (78, 'Rapidash');
insert into pokedex (id, name)
    values (79, 'Slowpoke');
insert into pokedex (id, name)
    values (80, 'Slowbro');
insert into pokedex (id, name)
    values (81, 'Magnemite');
insert into pokedex (id, name)
    values (82, 'Magneton');
insert into pokedex (id, name)
    values (83, 'Farfetchd');
insert into pokedex (id, name)
    values (84, 'Doduo');
insert into pokedex (id, name)
    values (85, 'Dodrio');
insert into pokedex (id, name)
    values (86, 'Seel');
insert into pokedex (id, name)
    values (87, 'Dewgong');
insert into pokedex (id, name)
    values (88, 'Grimer');
insert into pokedex (id, name)
    values (89, 'Muk');
insert into pokedex (id, name)
    values (90, 'Shellder');
insert into pokedex (id, name)
    values (91, 'Cloyster');
insert into pokedex (id, name)
    values (92, 'Gastly');
insert into pokedex (id, name)
    values (93, 'Haunter');
insert into pokedex (id, name)
    values (94, 'Gengar');
insert into pokedex (id, name)
    values (95, 'Onix');
insert into pokedex (id, name)
    values (96, 'Drowzee');
insert into pokedex (id, name)
    values (97, 'Hypno');
insert into pokedex (id, name)
    values (98, 'Krabby');
insert into pokedex (id, name)
    values (99, 'Kingler');
insert into pokedex (id, name)
    values (100, 'Voltorb');
insert into pokedex (id, name)
    values (101, 'Electrode');
insert into pokedex (id, name)
    values (102, 'Exeggcute');
insert into pokedex (id, name)
    values (103, 'Exeggutor');
insert into pokedex (id, name)
    values (104, 'Cubone');
insert into pokedex (id, name)
    values (105, 'Marowak');
insert into pokedex (id, name)
    values (106, 'Hitmonlee');
insert into pokedex (id, name)
    values (107, 'Hitmonchan');
insert into pokedex (id, name)
    values (108, 'Lickitung');
insert into pokedex (id, name)
    values (109, 'Koffing');
insert into pokedex (id, name)
    values (110, 'Weezing');
insert into pokedex (id, name)
    values (111, 'Rhyhorn');
insert into pokedex (id, name)
    values (112, 'Rhydon');
insert into pokedex (id, name)
    values (113, 'Chansey');
insert into pokedex (id, name)
    values (114, 'Tangela');
insert into pokedex (id, name)
    values (115, 'Kangaskhan');
insert into pokedex (id, name)
    values (116, 'Horsea');
insert into pokedex (id, name)
    values (117, 'Seadra');
insert into pokedex (id, name)
    values (118, 'Goldeen');
insert into pokedex (id, name)
    values (119, 'Seaking');
insert into pokedex (id, name)
    values (120, 'Staryu');
insert into pokedex (id, name)
    values (121, 'Starmie');
insert into pokedex (id, name)
    values (122, 'Mr. Mime');
insert into pokedex (id, name)
    values (123, 'Scyther');
insert into pokedex (id, name)
    values (124, 'Jynx');
insert into pokedex (id, name)
    values (125, 'Electabuzz');
insert into pokedex (id, name)
    values (126, 'Magmar');
insert into pokedex (id, name)
    values (127, 'Pinsir');
insert into pokedex (id, name)
    values (128, 'Tauros');
insert into pokedex (id, name)
    values (129, 'Magikarp');
insert into pokedex (id, name)
    values (130, 'Gyarados');
insert into pokedex (id, name)
    values (131, 'Lapras');
insert into pokedex (id, name)
    values (132, 'Ditto');
insert into pokedex (id, name)
    values (133, 'Eevee');
insert into pokedex (id, name)
    values (134, 'Vaporeon');
insert into pokedex (id, name)
    values (135, 'Jolteon');
insert into pokedex (id, name)
    values (136, 'Flareon');
insert into pokedex (id, name)
    values (137, 'Porygon');
insert into pokedex (id, name)
    values (138, 'Omanyte');
insert into pokedex (id, name)
    values (139, 'Omastar');
insert into pokedex (id, name)
    values (140, 'Kabuto');
insert into pokedex (id, name)
    values (141, 'Kabutops');
insert into pokedex (id, name)
    values (142, 'Aerodactyl');
insert into pokedex (id, name)
    values (143, 'Snorlax');
insert into pokedex (id, name)
    values (144, 'Articuno');
insert into pokedex (id, name)
    values (145, 'Zapdos');
insert into pokedex (id, name)
    values (146, 'Moltres');
insert into pokedex (id, name)
    values (147, 'Dratini');
insert into pokedex (id, name)
    values (148, 'Dragonair');
insert into pokedex (id, name)
    values (149, 'Dragonite');
insert into pokedex (id, name)
    values (150, 'Mewtwo');
insert into pokedex (id, name)
    values (151, 'Mew');
    
insert into type (id, name, color)
    values (1, 'Normal', 'A8A878');
insert into type (id, name, color)
    values (2, 'Fighting', 'C03028');
insert into type (id, name, color)
    values (3, 'Flying', 'A890F0');
insert into type (id, name, color)
    values (4, 'Poison', 'A040A0');
insert into type (id, name, color)
    values (5, 'Ground', 'E0C068');
insert into type (id, name, color)
    values (6, 'Rock', 'B8A038');
insert into type (id, name, color)
    values (7, 'Bug', 'A8B820');
insert into type (id, name, color)
    values (8, 'Ghost', '705898');
insert into type (id, name, color)
    values (9, 'Steel', 'B8B8D0');
insert into type (id, name, color)
    values (10, 'Fire', 'F08030');
insert into type (id, name, color)
    values (11, 'Water', '6890F0');
insert into type (id, name, color)
    values (12, 'Grass', '78C850');
insert into type (id, name, color)
    values (13, 'Electric', 'F8D030');
insert into type (id, name, color)
    values (14, 'Psychic', 'F85555');
insert into type (id, name, color)
    values (15, 'Ice', '98D8D8');
insert into type (id, name, color)
    values (16, 'Dragon', '7038F8');
insert into type (id, name, color)
    values (17, 'Dark', '705848');
insert into type (id, name, color)
    values (18, 'Fairy', 'EE99AC');
    
insert into pokedex_type (pokedex_id, type_id)
    values (1, 12);
insert into pokedex_type (pokedex_id, type_id)
    values (1, 4);
insert into pokedex_type (pokedex_id, type_id)
    values (2, 12);
insert into pokedex_type (pokedex_id, type_id)
    values (2, 4);
insert into pokedex_type (pokedex_id, type_id)
    values (3, 12);
insert into pokedex_type (pokedex_id, type_id)
    values (3, 4);
insert into pokedex_type (pokedex_id, type_id)
    values (4, 10);
insert into pokedex_type (pokedex_id, type_id)
    values (5, 10);
insert into pokedex_type (pokedex_id, type_id)
    values (6, 10);
insert into pokedex_type (pokedex_id, type_id)
    values (6, 3);
insert into pokedex_type (pokedex_id, type_id)
    values (7, 11);
insert into pokedex_type (pokedex_id, type_id)
    values (8, 11);
insert into pokedex_type (pokedex_id, type_id)
    values (9, 11);
insert into pokedex_type (pokedex_id, type_id)
    values (10, 7);
insert into pokedex_type (pokedex_id, type_id)
    values (11, 7);
insert into pokedex_type (pokedex_id, type_id)
    values (12, 7);
insert into pokedex_type (pokedex_id, type_id)
    values (12, 3);
insert into pokedex_type (pokedex_id, type_id)
    values (13, 7);
insert into pokedex_type (pokedex_id, type_id)
    values (13, 4);
insert into pokedex_type (pokedex_id, type_id)
    values (14, 7);
insert into pokedex_type (pokedex_id, type_id)
    values (14, 4);
insert into pokedex_type (pokedex_id, type_id)
    values (15, 7);
insert into pokedex_type (pokedex_id, type_id)
    values (15, 4);
insert into pokedex_type (pokedex_id, type_id)
    values (16, 1);
insert into pokedex_type (pokedex_id, type_id)
    values (16, 3);
insert into pokedex_type (pokedex_id, type_id)
    values (17, 1);
insert into pokedex_type (pokedex_id, type_id)
    values (17, 3);
insert into pokedex_type (pokedex_id, type_id)
    values (18, 1);
insert into pokedex_type (pokedex_id, type_id)
    values (18, 3);
insert into pokedex_type (pokedex_id, type_id)
    values (19, 1);
insert into pokedex_type (pokedex_id, type_id)
    values (20, 1);
insert into pokedex_type (pokedex_id, type_id)
    values (21, 1);
insert into pokedex_type (pokedex_id, type_id)
    values (21, 3);
insert into pokedex_type (pokedex_id, type_id)
    values (22, 1);
insert into pokedex_type (pokedex_id, type_id)
    values (22, 3);
insert into pokedex_type (pokedex_id, type_id)
    values (23, 4);
insert into pokedex_type (pokedex_id, type_id)
    values (24, 4);
insert into pokedex_type (pokedex_id, type_id)
    values (25, 13);
insert into pokedex_type (pokedex_id, type_id)
    values (26, 13);
insert into pokedex_type (pokedex_id, type_id)
    values (27, 5);
insert into pokedex_type (pokedex_id, type_id)
    values (28, 5);
insert into pokedex_type (pokedex_id, type_id)
    values (29, 4);
insert into pokedex_type (pokedex_id, type_id)
    values (30, 4);
insert into pokedex_type (pokedex_id, type_id)
    values (31, 4);
insert into pokedex_type (pokedex_id, type_id)
    values (31, 5);
insert into pokedex_type (pokedex_id, type_id)
    values (32, 4);
insert into pokedex_type (pokedex_id, type_id)
    values (33, 4);
insert into pokedex_type (pokedex_id, type_id)
    values (34, 4);
insert into pokedex_type (pokedex_id, type_id)
    values (34, 5);
insert into pokedex_type (pokedex_id, type_id)
    values (35, 18);
insert into pokedex_type (pokedex_id, type_id)
    values (36, 18);
insert into pokedex_type (pokedex_id, type_id)
    values (37, 10);
insert into pokedex_type (pokedex_id, type_id)
    values (38, 10);
insert into pokedex_type (pokedex_id, type_id)
    values (39, 1);
insert into pokedex_type (pokedex_id, type_id)
    values (39, 18);
insert into pokedex_type (pokedex_id, type_id)
    values (40, 1);
insert into pokedex_type (pokedex_id, type_id)
    values (40, 18);
insert into pokedex_type (pokedex_id, type_id)
    values (41, 4);
insert into pokedex_type (pokedex_id, type_id)
    values (41, 3);
insert into pokedex_type (pokedex_id, type_id)
    values (42, 4);
insert into pokedex_type (pokedex_id, type_id)
    values (42, 3);
insert into pokedex_type (pokedex_id, type_id)
    values (43, 12);
insert into pokedex_type (pokedex_id, type_id)
    values (43, 4);
insert into pokedex_type (pokedex_id, type_id)
    values (44, 12);
insert into pokedex_type (pokedex_id, type_id)
    values (44, 4);
insert into pokedex_type (pokedex_id, type_id)
    values (45, 12);
insert into pokedex_type (pokedex_id, type_id)
    values (45, 4);
insert into pokedex_type (pokedex_id, type_id)
    values (46, 7);
insert into pokedex_type (pokedex_id, type_id)
    values (46, 12);
insert into pokedex_type (pokedex_id, type_id)
    values (47, 7);
insert into pokedex_type (pokedex_id, type_id)
    values (47, 12);
insert into pokedex_type (pokedex_id, type_id)
    values (48, 7);
insert into pokedex_type (pokedex_id, type_id)
    values (48, 4);
insert into pokedex_type (pokedex_id, type_id)
    values (49, 7);
insert into pokedex_type (pokedex_id, type_id)
    values (49, 4);
insert into pokedex_type (pokedex_id, type_id)
    values (50, 5);
insert into pokedex_type (pokedex_id, type_id)
    values (51, 5);
insert into pokedex_type (pokedex_id, type_id)
    values (52, 1);
insert into pokedex_type (pokedex_id, type_id)
    values (53, 1);
insert into pokedex_type (pokedex_id, type_id)
    values (54, 11);
insert into pokedex_type (pokedex_id, type_id)
    values (55, 11);
insert into pokedex_type (pokedex_id, type_id)
    values (56, 2);
insert into pokedex_type (pokedex_id, type_id)
    values (57, 2);
insert into pokedex_type (pokedex_id, type_id)
    values (58, 10);
insert into pokedex_type (pokedex_id, type_id)
    values (59, 10);
insert into pokedex_type (pokedex_id, type_id)
    values (60, 11);
insert into pokedex_type (pokedex_id, type_id)
    values (61, 11);
insert into pokedex_type (pokedex_id, type_id)
    values (62, 11);
insert into pokedex_type (pokedex_id, type_id)
    values (62, 2);
insert into pokedex_type (pokedex_id, type_id)
    values (63, 14);
insert into pokedex_type (pokedex_id, type_id)
    values (64, 14);
insert into pokedex_type (pokedex_id, type_id)
    values (65, 14);
insert into pokedex_type (pokedex_id, type_id)
    values (66, 2);
insert into pokedex_type (pokedex_id, type_id)
    values (67, 2);
insert into pokedex_type (pokedex_id, type_id)
    values (68, 2);
insert into pokedex_type (pokedex_id, type_id)
    values (69, 12);
insert into pokedex_type (pokedex_id, type_id)
    values (69, 4);
insert into pokedex_type (pokedex_id, type_id)
    values (70, 12);
insert into pokedex_type (pokedex_id, type_id)
    values (70, 4);
insert into pokedex_type (pokedex_id, type_id)
    values (71, 12);
insert into pokedex_type (pokedex_id, type_id)
    values (71, 4);
insert into pokedex_type (pokedex_id, type_id)
    values (72, 11);
insert into pokedex_type (pokedex_id, type_id)
    values (72, 4);
insert into pokedex_type (pokedex_id, type_id)
    values (73, 11);
insert into pokedex_type (pokedex_id, type_id)
    values (73, 4);
insert into pokedex_type (pokedex_id, type_id)
    values (74, 6);
insert into pokedex_type (pokedex_id, type_id)
    values (74, 5);
insert into pokedex_type (pokedex_id, type_id)
    values (75, 6);
insert into pokedex_type (pokedex_id, type_id)
    values (75, 5);
insert into pokedex_type (pokedex_id, type_id)
    values (76, 6);
insert into pokedex_type (pokedex_id, type_id)
    values (76, 5);
insert into pokedex_type (pokedex_id, type_id)
    values (77, 10);
insert into pokedex_type (pokedex_id, type_id)
    values (78, 10);
insert into pokedex_type (pokedex_id, type_id)
    values (79, 11);
insert into pokedex_type (pokedex_id, type_id)
    values (79, 14);
insert into pokedex_type (pokedex_id, type_id)
    values (80, 11);
insert into pokedex_type (pokedex_id, type_id)
    values (80, 14);
insert into pokedex_type (pokedex_id, type_id)
    values (81, 13);
insert into pokedex_type (pokedex_id, type_id)
    values (81, 9);
insert into pokedex_type (pokedex_id, type_id)
    values (82, 13);
insert into pokedex_type (pokedex_id, type_id)
    values (82, 9);
insert into pokedex_type (pokedex_id, type_id)
    values (83, 1);
insert into pokedex_type (pokedex_id, type_id)
    values (83, 3);
insert into pokedex_type (pokedex_id, type_id)
    values (84, 1);
insert into pokedex_type (pokedex_id, type_id)
    values (84, 3);
insert into pokedex_type (pokedex_id, type_id)
    values (85, 1);
insert into pokedex_type (pokedex_id, type_id)
    values (85, 3);
insert into pokedex_type (pokedex_id, type_id)
    values (86, 11);
insert into pokedex_type (pokedex_id, type_id)
    values (87, 11);
insert into pokedex_type (pokedex_id, type_id)
    values (87, 15);
insert into pokedex_type (pokedex_id, type_id)
    values (88, 4);
insert into pokedex_type (pokedex_id, type_id)
    values (89, 4);
insert into pokedex_type (pokedex_id, type_id)
    values (90, 11);
insert into pokedex_type (pokedex_id, type_id)
    values (91, 11);
insert into pokedex_type (pokedex_id, type_id)
    values (91, 15);
insert into pokedex_type (pokedex_id, type_id)
    values (92, 8);
insert into pokedex_type (pokedex_id, type_id)
    values (92, 4);
insert into pokedex_type (pokedex_id, type_id)
    values (93, 8);
insert into pokedex_type (pokedex_id, type_id)
    values (93, 4);
insert into pokedex_type (pokedex_id, type_id)
    values (94, 8);
insert into pokedex_type (pokedex_id, type_id)
    values (94, 4);
insert into pokedex_type (pokedex_id, type_id)
    values (95, 6);
insert into pokedex_type (pokedex_id, type_id)
    values (95, 5);
insert into pokedex_type (pokedex_id, type_id)
    values (96, 14);
insert into pokedex_type (pokedex_id, type_id)
    values (97, 14);
insert into pokedex_type (pokedex_id, type_id)
    values (98, 11);
insert into pokedex_type (pokedex_id, type_id)
    values (99, 11);
insert into pokedex_type (pokedex_id, type_id)
    values (100, 13);
insert into pokedex_type (pokedex_id, type_id)
    values (101, 13);
insert into pokedex_type (pokedex_id, type_id)
    values (102, 12);
insert into pokedex_type (pokedex_id, type_id)
    values (102, 14);
insert into pokedex_type (pokedex_id, type_id)
    values (103, 12);
insert into pokedex_type (pokedex_id, type_id)
    values (103, 14);
insert into pokedex_type (pokedex_id, type_id)
    values (104, 5);
insert into pokedex_type (pokedex_id, type_id)
    values (105, 5);
insert into pokedex_type (pokedex_id, type_id)
    values (106, 2);
insert into pokedex_type (pokedex_id, type_id)
    values (107, 2);
insert into pokedex_type (pokedex_id, type_id)
    values (108, 1);
insert into pokedex_type (pokedex_id, type_id)
    values (109, 4);
insert into pokedex_type (pokedex_id, type_id)
    values (110, 4);
insert into pokedex_type (pokedex_id, type_id)
    values (111, 5);
insert into pokedex_type (pokedex_id, type_id)
    values (111, 6);
insert into pokedex_type (pokedex_id, type_id)
    values (112, 5);
insert into pokedex_type (pokedex_id, type_id)
    values (112, 6);
insert into pokedex_type (pokedex_id, type_id)
    values (113, 1);
insert into pokedex_type (pokedex_id, type_id)
    values (114, 12);
insert into pokedex_type (pokedex_id, type_id)
    values (115, 1);
insert into pokedex_type (pokedex_id, type_id)
    values (116, 11);
insert into pokedex_type (pokedex_id, type_id)
    values (117, 11);
insert into pokedex_type (pokedex_id, type_id)
    values (118, 11);
insert into pokedex_type (pokedex_id, type_id)
    values (119, 11);
insert into pokedex_type (pokedex_id, type_id)
    values (120, 11);
insert into pokedex_type (pokedex_id, type_id)
    values (121, 11);
insert into pokedex_type (pokedex_id, type_id)
    values (121, 14);
insert into pokedex_type (pokedex_id, type_id)
    values (122, 14);
insert into pokedex_type (pokedex_id, type_id)
    values (122, 18);
insert into pokedex_type (pokedex_id, type_id)
    values (123, 7);
insert into pokedex_type (pokedex_id, type_id)
    values (123, 3);
insert into pokedex_type (pokedex_id, type_id)
    values (124, 15);
insert into pokedex_type (pokedex_id, type_id)
    values (124, 14);
insert into pokedex_type (pokedex_id, type_id)
    values (125, 13);
insert into pokedex_type (pokedex_id, type_id)
    values (126, 10);
insert into pokedex_type (pokedex_id, type_id)
    values (127, 7);
insert into pokedex_type (pokedex_id, type_id)
    values (128, 1);
insert into pokedex_type (pokedex_id, type_id)
    values (129, 11);
insert into pokedex_type (pokedex_id, type_id)
    values (130, 11);
insert into pokedex_type (pokedex_id, type_id)
    values (130, 3);
insert into pokedex_type (pokedex_id, type_id)
    values (131, 11);
insert into pokedex_type (pokedex_id, type_id)
    values (131, 15);
insert into pokedex_type (pokedex_id, type_id)
    values (132, 1);
insert into pokedex_type (pokedex_id, type_id)
    values (133, 1);
insert into pokedex_type (pokedex_id, type_id)
    values (134, 11);
insert into pokedex_type (pokedex_id, type_id)
    values (135, 13);
insert into pokedex_type (pokedex_id, type_id)
    values (136, 10);
insert into pokedex_type (pokedex_id, type_id)
    values (137, 1);
insert into pokedex_type (pokedex_id, type_id)
    values (138, 6);
insert into pokedex_type (pokedex_id, type_id)
    values (138, 11);
insert into pokedex_type (pokedex_id, type_id)
    values (139, 6);
insert into pokedex_type (pokedex_id, type_id)
    values (139, 11);
insert into pokedex_type (pokedex_id, type_id)
    values (140, 6);
insert into pokedex_type (pokedex_id, type_id)
    values (140, 11);
insert into pokedex_type (pokedex_id, type_id)
    values (141, 6);
insert into pokedex_type (pokedex_id, type_id)
    values (141, 11);
insert into pokedex_type (pokedex_id, type_id)
    values (142, 6);
insert into pokedex_type (pokedex_id, type_id)
    values (142, 3);
insert into pokedex_type (pokedex_id, type_id)
    values (143, 1);
insert into pokedex_type (pokedex_id, type_id)
    values (144, 15);
insert into pokedex_type (pokedex_id, type_id)
    values (144, 3);
insert into pokedex_type (pokedex_id, type_id)
    values (145, 13);
insert into pokedex_type (pokedex_id, type_id)
    values (145, 3);
insert into pokedex_type (pokedex_id, type_id)
    values (146, 10);
insert into pokedex_type (pokedex_id, type_id)
    values (146, 3);
insert into pokedex_type (pokedex_id, type_id)
    values (147, 16);
insert into pokedex_type (pokedex_id, type_id)
    values (148, 16);
insert into pokedex_type (pokedex_id, type_id)
    values (149, 16);
insert into pokedex_type (pokedex_id, type_id)
    values (149, 3);
insert into pokedex_type (pokedex_id, type_id)
    values (150, 14);
insert into pokedex_type (pokedex_id, type_id)
    values (151, 14);
    
insert into item (id, name)
    values (1, 'Pokeball');
insert into item (id, name)
    values (2, 'Potion');
    
insert into pokeball (multiplier, item_id)
    values (1, 1);
    
insert into potion (hp, item_id)
    values (20, 2);
    
commit;